	ImageNumber	ObjectNumber	Location_Center_X	Location_Center_Y	Location_Center_Z	Mitocheck_Object_ID
0	1	1	1161.0357142857142	50.839285714285715	0	9
1	1	2	801.223880597015	420.2985074626866	0	80
2	1	3	795.483870967742	434.5483870967742	0	80
