	ImageNumber	ObjectNumber	Location_Center_X	Location_Center_Y	Location_Center_Z	Mitocheck_Object_ID
0	1	1	1067.6323529411766	25.029411764705884	0	8
1	1	2	375.83561643835617	110.08219178082192	0	32
2	1	3	970.4754098360655	472.72131147540983	0	74
3	1	4	1047.3157894736842	473.7543859649123	0	75
4	1	5	628.1643835616438	484.6164383561644	0	78
